businessName,providerName,specialties,addressLine1,city,state,zip,phone,website,description,latitude,longitude,status
Functional Medicine Los Angeles,,Functional Medicine,10645 Riverside Dr,North Hollywood,CA,91602,,,,34.1523871,-118.3631387,PENDING
Julie Taylor MD Center for Functional Medicine,,Functional Medicine,65 N Madison Ave #406,Pasadena,CA,91101,,,,34.1470953,-118.1386226,PENDING
Farahnik Integrative Alternative Medicine - Los Angeles,,Functional Medicine,2114 Hyperion Ave,Los Angeles,CA,90027,,,,34.0990386,-118.2736703,PENDING
Dr. Rashel Tahzib - Advance Health Integrative And Functional Medicine,,Functional Medicine,1849 Sawtelle Blvd #610,Los Angeles,CA,90025,,,,34.0425252,-118.4454707,PENDING
Dr Arno Kroner Functional Medicine & Eastern Medicine,,Functional Medicine,2001 S Barrington Ave #220,Los Angeles,CA,90025,,,,34.0363562,-118.4499158,PENDING
"Dr. Juliana King, DACM - Functional Medicine + Transformational Coaching",,Functional Medicine,2001 S Barrington Ave #220,Los Angeles,CA,90025,,,,34.0361238,-118.4499425,PENDING
"Los Angeles Integrative Health: Dr. Kate Denniston, ND",,Functional Medicine,1626 Montana Ave Suite 114,Santa Monica,CA,90403,,,,34.034166,-118.492498,PENDING
"Ananda Integrative Medicine: Reshma Patel PA-C, Telemedicine in California",,Functional Medicine,9415 Culver Blvd #56,Culver City,CA,90232,,,,34.0242675,-118.3945873,PENDING
"Integrative Medicine, Inc.: Jeremy Whiting, DO",,Functional Medicine,2811 Wilshire Blvd #800,Santa Monica,CA,90403,,,,34.0381076,-118.4755042,PENDING
MD Integrative Wellness,,Functional Medicine,5008 Chesebro Rd Suite 110,Agoura Hills,CA,91301,,,,34.1409594,-118.7391444,PENDING
The Functional Medicine Center,,Functional Medicine,2081 Business Center Dr Suite 175,Irvine,CA,92612,,,,33.6795211,-117.8565236,PENDING
"Los Angeles Integrative Gastroenterology & Nutrition, Inc.",,Functional Medicine,2080 Century Pk E #1804,Los Angeles,CA,90067,,,,34.0593428,-118.4112215,PENDING
"Jessica Cho, M.D. Wellness At Century City",,Functional Medicine,2080 Century Pk E #807,Los Angeles,CA,90067,,,,34.059379,-118.411064,PENDING
Golden Life Functional Medicine and Acupuncture / Dr. Ashley Alden,,Functional Medicine,12764 W Washington Blvd,Los Angeles,CA,90066,,,,33.99588749999999,-118.4361911,PENDING
Kai Wellness - Integrative Medicine and Healing Los Angeles,,Functional Medicine,2001 S Barrington Ave #300a,Los Angeles,CA,90025,,,,34.03662810000001,-118.4504087,PENDING
Parsley Health | Functional Medicine,,Functional Medicine,8550 Santa Monica Blvd 2nd Floor,West Hollywood,CA,90069,,,,34.088277,-118.3778438,PENDING
Lotus Integrative Medicine,,Functional Medicine,2222 Santa Monica Blvd #105,Santa Monica,CA,90404,,,,34.0304469,-118.4775633,PENDING
Health & Vitality Center,,Functional Medicine,11600 Wilshire Blvd #120,Los Angeles,CA,90025,,,,34.0503755,-118.459295,PENDING
PerrinMD: Khanh Perrin MD,,Functional Medicine,434 S Robertson Blvd,Los Angeles,CA,90048,,,,34.0711235,-118.3836154,PENDING
Hoag Functional Medicine,,Functional Medicine,4699 Jamboree Rd,Newport Beach,CA,92660,,,,33.6660282,-117.8551617,PENDING
Functional Medicine SF,,Functional Medicine,2144 4th St A,San Rafael,CA,94901,,,,37.9763078,-122.5481948,PENDING
Core Wellness Functional Medicine,,Functional Medicine,5313 College Ave Suite 105,Oakland,CA,94618,,,,37.838262,-122.2514861,PENDING
Infinite Health Zone Integrative Medicine San Francisco,,Functional Medicine,490 Post St Floor 12,San Francisco,CA,94102,,,,37.7883304,-122.4097789,PENDING
Nova Wellness,,Functional Medicine,870 Market St Suite 551,San Francisco,CA,94102,,,,37.78504969999999,-122.4071308,PENDING
Anatara Medicine,,Functional Medicine,1700 California St UNIT 520,San Francisco,CA,94109,,,,37.7904399,-122.4231255,PENDING
California Center for Functional Medicine,,Functional Medicine,4100 Redwood Rd 20a 616,Oakland,CA,94619,,,,37.7979657,-122.1819458,PENDING
San Francisco Integrative Medicine and Dry Needling,,Functional Medicine,870 Market St # 1117,San Francisco,CA,94102,,,,37.78499619999999,-122.4074795,PENDING
"SFIIRM - Integrative, Alternative & Functional Medicine Doctor in San Francisco",,Functional Medicine,450 Sutter St #1341,San Francisco,CA,94109,,,,37.7893965,-122.4078038,PENDING
Functional Health and Healing,,Functional Medicine,2186 Geary Blvd STE 316,San Francisco,CA,94115,,,,37.7837671,-122.4393125,PENDING
"Smart Medicine SF: Vinh Ngo, MD",,Functional Medicine,2369 Ocean Ave,San Francisco,CA,94127,,,,37.7297253,-122.4692895,PENDING
"Nadine Aldahhan, D.O.",,Functional Medicine,2300 California St,San Francisco,CA,94115,,,,37.7894649,-122.4324689,PENDING
The Nook Integrative Health | Pacific Heights,,Functional Medicine,2255 Van Ness Ave Suite 101,San Francisco,CA,94109,,,,37.7964401,-122.4239634,PENDING
East-West Integrative Medicine - Bernal Heights,,Functional Medicine,406 Cortland Ave #5538,San Francisco,CA,94110,,,,37.7389974,-122.4175259,PENDING
UCSF Osher Center for Integrative Health,,Functional Medicine,1545 Divisadero St 4th floor,San Francisco,CA,94115,,,,37.7841844,-122.4398329,PENDING
East-West Integrative Medicine Clinic,,Functional Medicine,605 Chenery St,San Francisco,CA,94131,,,,37.7344556,-122.4321541,PENDING
"Tsung-Yun Tzeng, D.O.",,Functional Medicine,2300 California St,San Francisco,CA,94115,,,,37.7894649,-122.4324689,PENDING
Integrated Healing Medicine and Wellness,,Functional Medicine,490 Post St STE 1701,San Francisco,CA,94102,,,,37.7884071,-122.4097574,PENDING
"Judith D Jones, M.D.",,Functional Medicine,2300 California St,San Francisco,CA,94115,,,,37.7894649,-122.4324689,PENDING
"Bay Natural Medicine: Minna Yoon, ND, LAc",,Functional Medicine,919 Irving St #104,San Francisco,CA,94122,,,,37.7638676,-122.4678284,PENDING
Integrative Optimal Wellness,,Functional Medicine,299 El Camino Real,Millbrae,CA,94030,,,,37.6012333,-122.3909616,PENDING
Advanced Functional Medicine,,Functional Medicine,5405 Morehouse Dr,San Diego,CA,92121,,,,32.8929737,-117.2010527,PENDING
"La Jolla Functional Medicine Clinic - Dr. Danielle MD, IFMCP",,Functional Medicine,7723 Fay Ave # 7,La Jolla,CA,92037,,,,32.8438555,-117.2747159,PENDING
"Integrative Health Solutions - Dr. Bronner Handwerger, NMD",,Functional Medicine,8950 Villa La Jolla Dr a107,La Jolla,CA,92037,,,,32.8709978,-117.2355693,PENDING
Mosaic Integrative Medicine,,Functional Medicine,1545 Hotel Cir S UNIT 145,San Diego,CA,92108,,,,32.7585974,-117.1774914,PENDING
Manifest Health & Wellness - Affordable Functional Medicine,,Functional Medicine,4501 Mission Bay Dr.,San Diego,CA,92109,,,,32.8034119,-117.2163332,PENDING
San Diego Center for Integrative Medicine,,Functional Medicine,7400 El Cajon Blvd Suite 303,La Mesa,CA,91942,,,,32.7687612,-117.0372388,PENDING
Functional Medicine Specialists,,Functional Medicine,317 N El Camino Real Suite 407,Encinitas,CA,92024,,,,33.0546659,-117.2608143,PENDING
Nature & Science Medicine,,Functional Medicine,531 Encinitas Blvd Ste 121,Encinitas,CA,92024,,,,33.0459577,-117.2789877,PENDING
Dr. Max Integrative Health,,Functional Medicine,509 S Cedros Ave suite d,Solana Beach,CA,92075,,,,32.9863282,-117.269499,PENDING
EmpowerMed Clinic,,Functional Medicine,16476 Bernardo Center Dr Suite 200,San Diego,CA,92128,,,,33.014514,-117.078302,PENDING
Modern Integrative Medicine,,Functional Medicine,11622 El Camino Real # 100,San Diego,CA,92130,,,,32.9284082,-117.2390747,PENDING
"SourceMD: Integrated Wellness Solutions: David Larson, MD",,Functional Medicine,345 Saxony Rd Suite 206,Encinitas,CA,92024,,,,33.054045,-117.2850171,PENDING
Del Mar Integrative Medicine & Medical Spa,,Functional Medicine,1349 Camino Del Mar suite b,Del Mar,CA,92014,,,,32.958395,-117.2647051,PENDING
Integrative Wellness Center of San Diego,,Functional Medicine,7094 Miramar Rd #109,San Diego,CA,92121,,,,32.8797132,-117.1617772,PENDING
Functional Medicine Clinic,,Functional Medicine,3545 Camino del Rio S suite c,San Diego,CA,92108,,,,32.7777385,-117.1169408,PENDING
Nourish Medical Center,,Functional Medicine,10505 Sorrento Valley Rd Suite 200,San Diego,CA,92121,,,,32.8959363,-117.2173186,PENDING
"Create Wellness, Dr. Roya Nikzad",,Functional Medicine,5151 Shoreham Pl Suite 120,San Diego,CA,92122,,,,32.8536843,-117.1847007,PENDING
Naturopathic Holistic Clinic,,Functional Medicine,12865 Pointe Del Mar Way UNIT 170,Del Mar,CA,92014,,,,32.9328026,-117.2424707,PENDING
Shine Natural Medicine,,Functional Medicine,509 S Cedros Ave suite d,Solana Beach,CA,92075,,,,32.9863394,-117.2695199,PENDING
ActiveMed Integrative Health Center,,Functional Medicine,15725 Pomerado Rd STE 210,Poway,CA,92064,,,,33.0003423,-117.0574338,PENDING
Sacramento Naturopathic Medical Center,,Functional Medicine,2530 J St,Sacramento,CA,95816,,,,38.57447140000001,-121.4721525,PENDING
Sage Center for Functional Health,,Functional Medicine,11231 Gold Express Dr #102,Gold River,CA,95670,,,,38.623462,-121.2645707,PENDING
Sommer's Holistic Health,,Functional Medicine,4449 Granite Dr Suite 902,Rocklin,CA,95677,,,,38.7942735,-121.2176936,PENDING
Institute for Health & Healing | 2801 K Street,,Functional Medicine,2801 K St Suite 240 and Suite 502,Sacramento,CA,95816,,,,38.5727389,-121.468563,PENDING
Functional Medicine Collective,,Functional Medicine,5290 Douglas Blvd #103,Granite Bay,CA,95746,,,,38.743953,-121.201839,PENDING
"Andrew J Luckett, M.D.",,Functional Medicine,2801 K St,Sacramento,CA,95816,,,,38.5727389,-121.468563,PENDING
Human Reconstruction: An Integrative Medical Center,,Functional Medicine,6622 Mercy Ct,Fair Oaks,CA,95628,,,,38.6658341,-121.3099174,PENDING
"Mind, Body, and Sole Wellness",,Functional Medicine,Brookcrest Way,Citrus Heights,CA,95621,,,,38.6734769,-121.3003232,PENDING
"Dr. Alice Fong, Naturopathic Doctor",,Functional Medicine,3112 O St #7,Sacramento,CA,95816,,,,38.5667305,-121.4671182,PENDING
Osteopathic Integrative Medical Center,,Functional Medicine,2377 Gold Meadow Way,Gold River,CA,95670,,,,38.6218204,-121.2607447,PENDING
Nomad Functional Medicine,,Functional Medicine,1024 Iron Point Rd,Folsom,CA,95630,,,,38.6434316,-121.1799218,PENDING
Functional Longevity Institute,,Functional Medicine,8080 Madison Ave #200a,Fair Oaks,CA,95628,,,,38.6635103,-121.2630682,PENDING
"Akil Palanisamy, M.D.",,Functional Medicine,2801 K St,Sacramento,CA,95816,,,,38.5727389,-121.468563,PENDING
Center for Living Health,,Functional Medicine,800 Howe Ave Ste 370,Sacramento,CA,95825,,,,38.5810547,-121.4142778,PENDING
Health Associates Medical Group,,Functional Medicine,3301 Alta Arden Expy # 3,Sacramento,CA,95825,,,,38.5992408,-121.387104,PENDING
"Functional Medicine, Kristin Ashley MD, FMNM, Restorative Ministries",,Functional Medicine,16770 Placer Hills Rd b,Meadow Vista,CA,95722,,,,38.9956073,-121.0228262,PENDING
Omic Health,,Functional Medicine,2746 24th St,Sacramento,CA,95818,,,,38.5540199,-121.4837901,PENDING
"Maxine L. Barish-Wreden, M.D., ABIHM",,Functional Medicine,2801 K St,Sacramento,CA,95816,,,,38.572871,-121.4694153,PENDING
Go Natural Health,,Functional Medicine,9801 Fair Oaks Blvd #400,Fair Oaks,CA,95628,,,,38.6397821,-121.2755565,PENDING
FUNCTIONAL AND INTEGRATIVE MEDICINE,,Functional Medicine,6590 Stockton Blvd,Sacramento,CA,95823,,,,38.506581,-121.4346794,PENDING
Naturopathic Family Health,,Functional Medicine,1688 Willow St Suite C,San Jose,CA,95125,,,,37.3031388,-121.915958,PENDING
"San Jose Integrative Medicine-Dr. Kimberly S. Brown ND, LAC & Dr. Lisa Fortes-Schramm ND",,Functional Medicine,3535 Ross Ave #200,San Jose,CA,95124,,,,37.2628302,-121.9165555,PENDING
"Dr. Caitlan Gignac, Naturopathic Doctor",,Functional Medicine,1688 Willow St building c suite c,San Jose,CA,95125,,,,37.3031225,-121.9159804,PENDING
Bay Area Functional Medicine,,Functional Medicine,1649 S Main St Ste. 102,Milpitas,CA,95035,,,,37.40716099999999,-121.904135,PENDING
Peninsula Integrative Medicine,,Functional Medicine,3200 Middlefield Rd Suite D,Palo Alto,CA,94306,,,,37.4288077,-122.1225958,PENDING
Bay Area Naturopathic Medicine,,Functional Medicine,2100 Curtner Ave,San Jose,CA,95124,,,,37.2722956,-121.9343131,PENDING
Five Seasons Functional Medicine,,Functional Medicine,884 Portola Rd # A5,Portola Valley,CA,94028,,,,37.3835384,-122.2321252,PENDING
Young Naturopathic Center for Wellness,,Functional Medicine,751 Blossom Hill Rd Suite A2,Los Gatos,CA,95032,,,,37.2356535,-121.9608263,PENDING
"Preventative Medicine Inc, Dr. Sepideh Moayed, MD",,Functional Medicine,2242 Camden Ave #203,San Jose,CA,95124,,,,37.2650773,-121.9402545,PENDING
Elizabeth Greenfield Functional Wellness,,Functional Medicine,3385 Gavota Ave,San Jose,CA,95124,,,,37.2656706,-121.909003,PENDING
"Dr. Inna Strugatsky, MD",,Functional Medicine,16573 Los Gatos Almaden Rd,Los Gatos,CA,95032,,,,37.241625,-121.9585315,PENDING
Advanced Health Center,,Functional Medicine,6110 Hellyer Ave #100,San Jose,CA,95138,,,,37.2572781,-121.7798411,PENDING
Bay Area Functional Medicine,,Functional Medicine,6232 La Salle Ave,Oakland,CA,94611,,,,37.8268745,-122.2088796,PENDING
Excel Medicine San Jose,,Functional Medicine,800 Embedded Way,San Jose,CA,95138,,,,37.2651502,-121.7925174,PENDING
Wholendo,,Functional Medicine,2100 Curtner Ave Suite F,San Jose,CA,95124,,,,37.2723108,-121.9342006,PENDING
Nutima Integrative Medicine,,Functional Medicine,50 E Main Ave Ste A,Morgan Hill,CA,95037,,,,37.1307133,-121.6536141,PENDING
Santa Clara Acupuncture & Functional Medicine,,Functional Medicine,2100 Forest Ave #101,San Jose,CA,95128,,,,37.3268688,-121.9366882,PENDING
Natural Medicine,,Functional Medicine,344 S Monroe St,San Jose,CA,95128,,,,37.3222868,-121.9431156,PENDING
Citrin Wellness,,Naturopathy,8920 Wilshire Blvd Suite 610,Beverly Hills,CA,90211,,,,34.0667406,-118.3863013,PENDING
"Best Naturopathic Medicine: Matthew Cavaiola, ND",,Naturopathy,1460 7th St #302,Santa Monica,CA,90401,,,,34.017334,-118.4911895,PENDING
Doctor Guy,,Naturopathy,8920 Wilshire Blvd Suite 610,Beverly Hills,CA,90211,,,,34.066821,-118.3863587,PENDING
Southern California Integrative Wellness Center,,Naturopathy,955 Carrillo Dr #210,Los Angeles,CA,90048,,,,34.0599078,-118.3683193,PENDING
Beverly Hills Natural Medicine: Dr. Jasmine Talei,,Naturopathy,465 N Roxbury Dr #733,Beverly Hills,CA,90210,,,,34.0681875,-118.4073916,PENDING
VITALIZE Natural Medicine,,Naturopathy,1042 N Fairfax Ave,West Hollywood,CA,90046,,,,34.0900001,-118.361194,PENDING
Natural Healing Center l Naturopath,,Naturopathy,1601 Dove St #110,Newport Beach,CA,92660,,,,33.6641626,-117.8670053,PENDING
Holistic Doctor | David Allan Wellness | Holistic Wellness Center,,Naturopathy,3283 Motor Ave,Los Angeles,CA,90034,,,,34.0293141,-118.4111687,PENDING
"Dr. Sandy Le, ND - Naturopathic Doctor",,Naturopathy,1730 Huntington Dr # 203,South Pasadena,CA,91030,,,,34.10448969999999,-118.1451902,PENDING
"Dr. Ann Marie Nguyen, ND, LAc - Acupuncture & Naturopathic Medicine",,Naturopathy,2128 Pico Blvd,Santa Monica,CA,90405,,,,34.0203007,-118.4676265,PENDING
Naturopathic Wellness Center,,Naturopathy,390 N Pacific Coast Hwy #1140,El Segundo,CA,90245,,,,33.9209912,-118.3942576,PENDING
Holistic Health Center,,Naturopathy,10315 Woodley Ave #103,Granada Hills,CA,91344,,,,34.2579612,-118.4853363,PENDING
PRO HEALTH NATURAL CENTER,,Naturopathy,7021A Pacific Blvd,Huntington Park,CA,90255,,,,33.9757936,-118.2255237,PENDING
Dr Adam Sandford,,Naturopathy,390 N Pacific Coast Hwy #1140-A,El Segundo,CA,90245,,,,33.9209182,-118.3944634,PENDING
Center for Natural Family Medicine,,Naturopathy,955 Carrillo Dr #108,Los Angeles,CA,90048,,,,34.0599078,-118.3683193,PENDING
Natural Holistic Center,,Naturopathy,2500 Empire Ave,Burbank,CA,91504,,,,34.191567,-118.3383389,PENDING
Zaré Medical Naturopathic Group,,Naturopathy,2087 Union St #1,San Francisco,CA,94123,,,,37.7971796,-122.4336447,PENDING
"Leena Pandya, ND BCB",,Naturopathy,2920 Webster St,San Francisco,CA,94123,,,,37.797642,-122.4337296,PENDING
"Erika Horowitz, ND",,Naturopathy,1819 Union St,San Francisco,CA,94123,,,,37.79777,-122.4293121,PENDING
"Dr. Nancy Mach, ND",,Naturopathy,447 Sutter St Suite 405,San Francisco,CA,94108,,,,37.789047,-122.407946,PENDING
San Francisco Preventive Medical Group,,Naturopathy,380 W Portal Ave suite c,San Francisco,CA,94127,,,,37.7370026,-122.4704663,PENDING
"Dr. Victoria Hamman, ND",,Naturopathy,323 Clipper St,San Francisco,CA,94114,,,,37.74891119999999,-122.4321864,PENDING
Advanced Health,,Naturopathy,2201 Webster St,San Francisco,CA,94115,,,,37.79104239999999,-122.432839,PENDING
The Nook Integrative Health | Glen Park,,Naturopathy,2856 Diamond St,San Francisco,CA,94131,,,,37.7338621,-122.4342756,PENDING
"Lorena F Hillman, M.D.",,Naturopathy,2300 California St,San Francisco,CA,94115,,,,37.7894649,-122.4324689,PENDING
"Christina Youngren, ND",,Naturopathy,1819 Union St,San Francisco,CA,94123,,,,37.79777,-122.4293121,PENDING
Naturopathic Rx San Diego,,Naturopathy,16236 San Dieguito Rd Suite 4-15,Rancho Santa Fe,CA,92091,,,,32.9963818,-117.1937478,PENDING
RestorMedicine,,Naturopathy,928 Fort Stockton Dr #213,San Diego,CA,92103,,,,32.7511435,-117.1720154,PENDING
Oasis Health And Medicine,,Naturopathy,317 N El Camino Real #106,Encinitas,CA,92024,,,,33.0548005,-117.2613433,PENDING
San Diego Naturopathic - Dr. Peter Wannigman,,Naturopathy,2878 Camino del Rio S #404,San Diego,CA,92108,,,,32.771347,-117.130328,PENDING
LotusRain Naturopathic Clinic,,Naturopathy,5210 Balboa Ave # F,San Diego,CA,92117,,,,32.8190765,-117.1841125,PENDING
Inner Path Naturopathic | Naturopathic Clinic in San Diego,,Naturopathy,5230 Carroll Canyon Rd UNIT 218,San Diego,CA,92121,,,,32.8916806,-117.1943765,PENDING
Trinity Naturopathic,,Naturopathy,1224 10th St #201,Coronado,CA,92118,,,,32.6847987,-117.1779885,PENDING
Naturopathic Health Center of San Diego,,Naturopathy,10531 4S Commons Dr STE 166-677,San Diego,CA,92127,,,,33.0193985,-117.1123411,PENDING
Moonstone Naturopathic,,Naturopathy,2667 Camino del Rio S STE 312,San Diego,CA,92108,,,,32.7690833,-117.1351613,PENDING
Maven Wellness,,Naturopathy,15525 Pomerado Rd Building C-1b,Poway,CA,92064,,,,32.9950376,-117.0572959,PENDING
Kyra Kare Health & Wellness,,Naturopathy,4190 Bonita Rd UNIT 208,Bonita,CA,91902,,,,32.6594826,-117.0372174,PENDING
"Revive Naturopathic Medicine, Inc.",,Naturopathy,620 Grand Ave Suite C,Carlsbad,CA,92008,,,,33.161684,-117.3483608,PENDING
Realm Naturopathic Integrative Medicine & Acupuncture,,Naturopathy,1105 8th St,Coronado,CA,92118,,,,32.6887882,-117.1777857,PENDING
Godby Dennis G ND,,Naturopathy,2530 J St #100,Sacramento,CA,95816,,,,38.5744324,-121.4721504,PENDING
"Dr. Dawn Alden, ND",,Naturopathy,3800 J St Suite 220,Sacramento,CA,95816,,,,38.5699833,-121.4557087,PENDING
Davis Naturopathic Medicine,,Naturopathy,621 4th St Suite 6,Davis,CA,95616,,,,38.5461747,-121.7410745,PENDING
Amour de Soi Wellness,,Naturopathy,3112 O St #7,Sacramento,CA,95816,,,,38.5667305,-121.4671182,PENDING
Wild Lemon Health Naturopathic Clinic,,Naturopathy,601 University Ave # 222,Sacramento,CA,95825,,,,38.5681795,-121.4201359,PENDING
Integrity Naturopathic,,Naturopathy,6620 Coyle Ave # 400,Carmichael,CA,95608,,,,38.6676385,-121.3099802,PENDING
"Dr. Maria K. Cartwright, N.D",,Naturopathy,5025 J St Ste 205,Sacramento,CA,95819,,,,38.566804,-121.4418329,PENDING
Northern California Naturopathic,,Naturopathy,3800 J St,Sacramento,CA,95816,,,,38.5699914,-121.4557047,PENDING
"Dr. Monique Chhun Lum, ND",,Naturopathy,9727 Elk Grove Florin Rd #140,Elk Grove,CA,95624,,,,38.4050586,-121.371016,PENDING
Optimal Health Wellness Clinic,,Naturopathy,6590 Stockton Blvd,Sacramento,CA,95823,,,,38.506581,-121.4346794,PENDING
Silicon Valley Natural Health,,Naturopathy,875 Saratoga Ave,San Jose,CA,95129,,,,37.3119581,-121.9776813,PENDING
Core Integrative & Naturopathic Medical Center,,Naturopathy,Core Integrative & Naturopathic Medical Center,Sunnyvale,CA,94085,,,,37.38682500000001,-121.98796,PENDING
Pacific Naturopathic,,Naturopathy,1577 Carob Ln,Los Altos,CA,94024,,,,37.353926,-122.0877006,PENDING
EMBR Naturopathic Medicine & Apothecary,,Naturopathy,430 Monterey Ave Suite 3,Los Gatos,CA,95030,,,,37.2305837,-121.981348,PENDING
San Jose Holistic Health Care Clinic,,Naturopathy,551 E Santa Clara St,San Jose,CA,95112,,,,37.3420305,-121.87919,PENDING
The Root Chakra / South Bay Holistic Spa,,Naturopathy,6122 Camino Verde Dr #14,San Jose,CA,95119,,,,37.2363903,-121.8007701,PENDING
Dr. Tediana Torrens,,Naturopathy,3200 Middlefield Rd,Palo Alto,CA,94306,,,,37.4288077,-122.1225958,PENDING
"Nicole McCarter, ND",,Naturopathy,3200 Middlefield Rd Suite D,Palo Alto,CA,94306,,,,37.4287315,-122.122507,PENDING
Way of Wellness Healthcare Inc.,,Naturopathy,940 Saratoga Ave #104,San Jose,CA,95129,,,,37.3093794,-121.9769483,PENDING
Pro Natural Health Center 医本堂 Santa Clara branch,,Naturopathy,4675 Stevens Creek Blvd Suite 133,Santa Clara,CA,95051,,,,37.3236184,-121.9841897,PENDING
"Dr. Sherry Su, ND",,Naturopathy,1688 Willow St Suite C,San Jose,CA,95125,,,,37.3031225,-121.9159804,PENDING
KALE Functional Medicine,,Functional Medicine,2800 Kirby Dr Ste B-210,Houston,TX,77098,,,,29.7413803,-95.4194328,PENDING
Texas Center for Lifestyle Medicine,,Functional Medicine,333 W Loop N Fwy # 250,Houston,TX,77024,,,,29.7723729,-95.4566808,PENDING
"Dr. Kourtney Sims--Functional Medicine, Integrative Women's Health & NAMS Certified Menopause Expert + Clinical Herbalist",,Functional Medicine,2000 Crawford St Ste 1100,Houston,TX,77002,,,,29.746019,-95.3663739,PENDING
My Pure MD - Houston,,Functional Medicine,2200 Post Oak Blvd Suite 1000,Houston,TX,77056,,,,29.7432678,-95.4618903,PENDING
Functional Medicine of Houston,,Functional Medicine,103 Canyon Springs,Boerne,TX,78006,,,,29.8642543,-98.6271086,PENDING
Mind and Body Solutions,,Functional Medicine,210 Genesis Blvd Suite C,Webster,TX,77598,,,,29.5269038,-95.1352476,PENDING
Clear Lake Integrative Medicine,,Functional Medicine,1335 Regents Park Dr #110,Houston,TX,77058,,,,29.5593028,-95.1141792,PENDING
Houston Holistic Doctors - Functional Medicine & Nutritional Counseling,,Functional Medicine,952 Echo Ln # 115,Houston,TX,77024,,,,29.78242759999999,-95.5203787,PENDING
Dr. Haque's Center of Integrative Medicine,,Functional Medicine,12727 Featherwood Dr,Houston,TX,77034,,,,29.6160169,-95.2120516,PENDING
Heights of Health,,Functional Medicine,2233 Yale St Suite 110,Houston,TX,77008,,,,29.8066934,-95.3996624,PENDING
"Balanced Body Functional Medicine: Dr. Julia Ward, MD",,Functional Medicine,6921 Brisbane Ct Suite 240,Sugar Land,TX,77479,,,,29.5799594,-95.6534626,PENDING
Thrive Medicine Clinic,,Functional Medicine,802 W 18th St,Houston,TX,77008,,,,29.8014885,-95.41242079999999,PENDING
"King Mason Jr. ND, CNT, MS, DD... Alternative Therapy & Nutrition Functional Medicine",,Functional Medicine,14614 Falling Creek Dr Suite #131,Houston,TX,77068,,,,29.9944928,-95.488833,PENDING
Whole Health Center Houston: Dr Valeska Wells,,Functional Medicine,5721 Winsome Ln,Houston,TX,77057,,,,29.7349838,-95.47983029999999,PENDING
"EzLiving MD DPT Intuitive Healing and Functional Health Consultants, PLLC",,Functional Medicine,8525 N Sam Houston Pkwy E #801,Humble,TX,77396,,,,29.936794,-95.25976399999999,PENDING
Pine Forest Functional Medicine,,Functional Medicine,25312 I-45,Spring,TX,77386,,,,30.1295853,-95.44315089999999,PENDING
"The Hayden Institute: Health, Nutrition, Rehabilitation and Chiropractic",,Functional Medicine,10694 Jones Rd #210,Houston,TX,77065,,,,29.9297161,-95.5844039,PENDING
"Concierge Integrative Medicine of Houston, PLLC",,Functional Medicine,6800 W Loop S #460,Bellaire,TX,77401,,,,29.7053051,-95.4601283,PENDING
Phoenix Rising Integrative Medicine,,Functional Medicine,3100 Richmond Ave. #390,Houston,TX,77098,,,,29.7345029,-95.4249255,PENDING
Hope for Healing - Houston Medical Center Office,,Functional Medicine,1801 Binz St UNIT 400,Houston,TX,77004,,,,29.7213638,-95.3819677,PENDING
Dr. Jennifer Kessmann Functional Medicine,,Functional Medicine,12240 Inwood Rd STE 500,Dallas,TX,75244,,,,32.9147568,-96.81747349999999,PENDING
Living Well Dallas,,Functional Medicine,17000 Preston Rd,Dallas,TX,75248,,,,32.9815982,-96.80337279999999,PENDING
Integrative Wellness Fx,,Functional Medicine,10670 N Central Expy Suite 110,Dallas,TX,75231,,,,32.892182,-96.76834749999999,PENDING
"Splendor of Youth Medical | Dr. J. Francisco Quiroz, MD | Holistic Doctor Dallas",,Functional Medicine,122 N International Rd C,Garland,TX,75042,,,,32.914065,-96.671634,PENDING
Purposeful Healing Direct Primary Care,,Functional Medicine,4300 N Central Expy #365,Dallas,TX,75206,,,,32.8170808,-96.78792370000001,PENDING
Interlinked Wellness,,Functional Medicine,4225 Office Pkwy Suite 102,Dallas,TX,75204,,,,32.805443,-96.7877662,PENDING
"Infinity Functional Performance, LLC",,Functional Medicine,1925 E Levee St,Dallas,TX,75207,,,,32.7917604,-96.82953380000001,PENDING
Forum Health Las Colinas Functional Medicine Doctor,,Functional Medicine,440 Lyndon B Johnson Fwy Suite 455,Irving,TX,75063,,,,32.9120359,-96.95219759999999,PENDING
OhZone Clinics (Formerly Equilyst Modern Medicine),,Functional Medicine,2909 Canton St C,Dallas,TX,75226,,,,32.7829959,-96.78145049999999,PENDING
Texas Functional Health Centers,,Functional Medicine,411 N Washington Ave # 7500,Dallas,TX,75246,,,,32.7885675,-96.7766386,PENDING
Dr. Joel Miller | Freedom Health and Wellness | Functional Medicine and Applied Kinesiology,,Functional Medicine,2653 Sagebrush Dr #230,Flower Mound,TX,75028,,,,33.0296621,-97.0694319,PENDING
Dr. Rodney Russell - NATURAL HEALING CENTER,,Functional Medicine,1650 W Northwest Hwy Suite #103,Grapevine,TX,76051,,,,32.9415662,-97.0945165,PENDING
Regen Wellness,,Functional Medicine,5510 Abrams Rd Ste 126,Dallas,TX,75214,,,,32.8535882,-96.7516962,PENDING
Innovative Health and Wellness Group,,Functional Medicine,4001 McEwen Rd #100,Dallas,TX,75244,,,,32.9292411,-96.8439102,PENDING
Q FUNCTIONAL MEDICINE & CHIROPRACTIC,,Functional Medicine,445 E Walnut St #139,Richardson,TX,75081,,,,32.9257509,-96.7325233,PENDING
RESTORE Center for Integrative Medicine,,Functional Medicine,6517 W Plano Pkwy A,Plano,TX,75093,,,,33.031252,-96.838906,PENDING
Metta Health Institute,,Functional Medicine,4801 Spring Valley Rd #113,Dallas,TX,75244,,,,32.9411714,-96.827683,PENDING
Carpathia Collaborative,,Functional Medicine,10260 N Central Expy #210,Dallas,TX,75231,,,,32.8854932,-96.7677525,PENDING
North Dallas Alternative Medicine,,Functional Medicine,12900 Preston Rd #617,Dallas,TX,75240,,,,32.9237335,-96.8022532,PENDING
Excel Health MD,,Functional Medicine,150 Brand Rd Ste 100,Murphy,TX,75094,,,,33.0104047,-96.6206179,PENDING
Advanced Functional Medicine of Austin,,Functional Medicine,3305 Northland Dr Suite 205B,Austin,TX,78731,,,,30.334286,-97.7568222,PENDING
Wild Fig Functional Medicine,,Functional Medicine,2105 E Martin Luther King Jr Blvd #305,Austin,TX,78702,,,,30.2799936,-97.7192123,PENDING
"Austin Functional Medicine Clinic, PLLC",,Functional Medicine,5808 Balcones Dr UNIT 205,Austin,TX,78731,,,,30.3399816,-97.75588839999999,PENDING
West Holistic Medicine,,Functional Medicine,904 West Ave APT 109,Austin,TX,78701,,,,30.273696,-97.7497339,PENDING
Alive and Well Functional Medicine Clinic,,Functional Medicine,3944 Ranch Rd 620 S Bldg 8 Suite 100,Bee Cave,TX,78738,,,,30.3089979,-97.9474534,PENDING
AustinMD Aesthetics & Wellness,,Functional Medicine,13625 Ronald Reagan Blvd Building 10,Cedar Park,TX,78613,,,,30.5371381,-97.7855209,PENDING
Foundations Functional Medicine ATX,,Functional Medicine,1301 W Koenig Ln,Austin,TX,78756,,,,30.3295111,-97.7308918,PENDING
Austin Preferred Integrative Medicine,,Functional Medicine,6836 Bee Caves Rd Building 1 Suite 200,Austin,TX,78746,,,,30.3004464,-97.83811419999999,PENDING
Vital Health Integrative Medicine,,Functional Medicine,7000 Bee Caves Rd #310,Austin,TX,78746,,,,30.3016366,-97.8387957,PENDING
Dr. Shelly Sethi,,Functional Medicine,3705 Medical Pkwy # 220,Austin,TX,78705,,,,30.3049631,-97.74408749999999,PENDING
Family First Functional Medicine,,Functional Medicine,3595 Ranch Rd 620 S Suite 150,Bee Cave,TX,78738,,,,30.3214199,-97.9530363,PENDING
"Madina Medicine: Omar Akhter, MD",,Functional Medicine,13625 Ronald Reagan Blvd Building 4 STE 300,Cedar Park,TX,78613,,,,30.53748,-97.786586,PENDING
Your Functional Health by Xenia Kempf,,Functional Medicine,3807 E 51st St,Austin,TX,78723,,,,30.2938214,-97.6792322,PENDING
Functional Wellness Clinic and Consultation,,Functional Medicine,120 Joe Wimberley Blvd Suite 105,Wimberley,TX,78676,,,,30.0035196,-98.10045219999999,PENDING
The Spring,,Functional Medicine,2416 S Lamar Blvd Ste B,Austin,TX,78704,,,,30.2475045,-97.77796409999999,PENDING
Central Texas Holistic Health,,Functional Medicine,3200 Red River St Suite 206,Austin,TX,78705,,,,30.2915147,-97.72740739999999,PENDING
Shepherd Functional Medicine,,Functional Medicine,100 Commons Rd Ste 1,Dripping Springs,TX,78620,,,,30.1921932,-98.0848413,PENDING
Interlinked Wellness | Functional Holistic Medicine,,Functional Medicine,3571 Far W Blvd,Austin,TX,78731,,,,30.3532115,-97.75469989999999,PENDING
Fit Logic Functional Medicine,,Functional Medicine,2020 FM 967,Buda,TX,78610,,,,30.1011299,-97.85819479999999,PENDING
Caim Chiropractic + Functional Medicine,,Functional Medicine,8627 N Mopac Expy Suite 140,Austin,TX,78759,,,,30.37380499999999,-97.73950599999999,PENDING
Institute for Functional Health,,Functional Medicine,1602 McCullough Ave,San Antonio,TX,78212,,,,29.44410539999999,-98.4915585,PENDING
Dr. Maegan Stanga Functional Medicine,,Functional Medicine,18838 Stone Oak Pkwy Ste 101,San Antonio,TX,78258,,,,29.613992,-98.49166400000001,PENDING
Hansen Health Solutions,,Functional Medicine,147 W Sunset Rd Ste201,San Antonio,TX,78209,,,,29.507498,-98.46817089999999,PENDING
San Antonio Family Integrative Health,,Functional Medicine,16650 Huebner Rd,San Antonio,TX,78248,,,,29.593068,-98.5263167,PENDING
Integrative Medicine Care of Texas,,Functional Medicine,8000 I-10 #643,San Antonio,TX,78230,,,,29.5131975,-98.5558581,PENDING
Institute for Peak Health,,Functional Medicine,418 N Loop 1604 W,San Antonio,TX,78232,,,,29.6074886,-98.4996962,PENDING
Yoon Hang Kim MD Integrative Functional Medicine,,Functional Medicine,18756 Stone Oak Pkwy STE. 200,San Antonio,TX,78258,,,,29.6112396,-98.49121939999999,PENDING
Dr. Aimee Oliver Functional Medicine,,Functional Medicine,930 Proton Rd suite 106,San Antonio,TX,78258,,,,29.6116807,-98.47873849999999,PENDING
Integrative Family Medicine,,Functional Medicine,18720 Stone Oak Pkwy STE. 201,San Antonio,TX,78258,,,,29.6098505,-98.491102,PENDING
Alamo Ranch Integrative Medicine,,Functional Medicine,11345 Alamo Ranch Pkwy # 103,San Antonio,TX,78253,,,,29.4871581,-98.7157854,PENDING
Root Causes Medicine,,Functional Medicine,19026 Ridgewood Pkwy Suite 119,San Antonio,TX,78259,,,,29.6178257,-98.45775569999999,PENDING
Blue Agave Functional Medicine,,Functional Medicine,651 N Business Interstate Hwy 35 #730,New Braunfels,TX,78130,,,,29.6983039,-98.1019248,PENDING
"Melissa Cooley, DNP, FNP",,Functional Medicine,525 Oak Centre Dr Suite 230,San Antonio,TX,78258,,,,29.6193193,-98.49269299999999,PENDING
CoolMed,,Functional Medicine,525 Oak Centre Dr Suite 230,San Antonio,TX,78258,,,,29.6193193,-98.49269299999999,PENDING
Natural Health Improvement Center (Dr. Michael Wells),,Functional Medicine,8600 Wurzbach Rd bldg. 900,San Antonio,TX,78240,,,,29.5216742,-98.57048449999999,PENDING
White Horse Holistic Health,,Functional Medicine,18830 Forty Six Pkwy Building 4,Spring Branch,TX,78070,,,,29.798492,-98.405734,PENDING
Functional Midwifery Holistic GYN and Women’s Health,,Functional Medicine,221 W Rhapsody Dr #101,San Antonio,TX,78216,,,,29.5472122,-98.4971989,PENDING
Advanced Wellness Clinic,,Functional Medicine,4242 Medical Dr building 6,San Antonio,TX,78229,,,,29.5132477,-98.5673901,PENDING
Dr. Jacob Torres,,Functional Medicine,120 W Ashby Pl,San Antonio,TX,78212,,,,29.4489741,-98.4951226,PENDING
Soldara Integrative Family Medicine,,Functional Medicine,255 E Sonterra Blvd Ste 113,San Antonio,TX,78258,,,,29.6169768,-98.4906778,PENDING
Fort Worth Wellness,,Functional Medicine,5801 Curzon Ave Suite 245,Fort Worth,TX,76107,,,,32.7297261,-97.4099585,PENDING
VivaWise Functional Wellness,,Functional Medicine,2501 Parkview Dr Suite 220,Fort Worth,TX,76102,,,,32.7396482,-97.3549695,PENDING
Restore + Revive,,Functional Medicine,4927 Byers Ave,Fort Worth,TX,76107,,,,32.7384269,-97.3943687,PENDING
Health Connection Wellness - Integrative Medicine,,Functional Medicine,451 Keller Pkwy,Keller,TX,76248,,,,32.9346576,-97.24466679999999,PENDING
R+R Integrative Medicine,,Functional Medicine,4927 Byers Ave,Fort Worth,TX,76107,,,,32.7384269,-97.3943687,PENDING
Life's Medicine,,Functional Medicine,700 E Southlake Blvd #130,Southlake,TX,76092,,,,32.9415211,-97.1417113,PENDING
The Wellness Center Health & Therapy,,Functional Medicine,5521 Bellaire Dr S # 114,Fort Worth,TX,76109,,,,32.6940569,-97.41298309999999,PENDING
Living Stones Health,,Functional Medicine,5407 Basswood Blvd Suite 113,Fort Worth,TX,76137,,,,32.8752545,-97.2681939,PENDING
Abundant Life Wellness Center,,Functional Medicine,4312 Heritage Trace Pkwy #700,Fort Worth,TX,76244,,,,32.9144573,-97.2945038,PENDING
Formula Wellness Fort Worth,,Functional Medicine,2831 W 7th St,Fort Worth,TX,76107,,,,32.7509595,-97.357304,PENDING
Seed Wellness Co.,,Functional Medicine,5408 Birchman Ave,Fort Worth,TX,76107,,,,32.7352498,-97.4028831,PENDING
Healthy Body Integrative Medicine,,Functional Medicine,2400 U.S. 287 Frontage Rd # 104,Mansfield,TX,76063,,,,32.6077963,-97.1546596,PENDING
Path To Wellness Integrated Health,,Functional Medicine,525 Bailey Ave,Fort Worth,TX,76107,,,,32.7536499,-97.363192,PENDING
Fusion Healthy Aging,,Functional Medicine,4210 W Vickery Blvd,Fort Worth,TX,76107,,,,32.7261519,-97.379071,PENDING
Fort Worth Health Collective,,Functional Medicine,1624 Enderly Pl,Fort Worth,TX,76104,,,,32.7265766,-97.3455158,PENDING
"Southlake Functional Medicine, Kessmann Clinics",,Functional Medicine,550 Reserve St #190,Southlake,TX,76092,,,,32.9474919,-97.13050109999999,PENDING
Finding The Root Cause,,Functional Medicine,6100 Harris Pkwy #340,Fort Worth,TX,76132,,,,32.6579071,-97.4210162,PENDING
Houston Holistic Health Clinic,,Naturopathy,6401 Southwest Fwy #250,Houston,TX,77074,,,,29.7195352,-95.4944738,PENDING
"Natural Remedes: Borislava Johnson, N.D.",,Naturopathy,12777 Jones Rd #195,Houston,TX,77070,,,,29.9581574,-95.58547329999999,PENDING
Natural Health Houston,,Naturopathy,2211 Norfolk St Suite 105,Houston,TX,77098,,,,29.7321343,-95.41334549999999,PENDING
Boost in Life Botanica Holistic Healing,,Naturopathy,10540 Northwest Fwy Suite #10540,Houston,TX,77092,,,,29.8134348,-95.4605311,PENDING
Royal Healing Natural Health,,Naturopathy,2717 Commercial Center Blvd Ste E200,Katy,TX,77494,,,,29.7403352,-95.7748374,PENDING
Abundant Health and Wellness Center,,Naturopathy,323 E Main St,Humble,TX,77338,,,,29.9975645,-95.26295929999999,PENDING
Holistic Breast Specialist & Naturopathic Doctor - (BRAS Thermography & Wellness),,Naturopathy,14521 Old Katy Rd Ste 240,Houston,TX,77079,,,,29.7867711,-95.6428914,PENDING
The Center for Healing Arts & Sciences,,Naturopathy,320 Branard St,Houston,TX,77006,,,,29.7373737,-95.3842768,PENDING
"Dr. Fisher DNP, APRN-BC Road2Wellness",,Naturopathy,6401 Stillman St,Houston,TX,77007,,,,29.7765644,-95.42647760000001,PENDING
Natural Health Associates,,Naturopathy,2205 Portsmouth St,Houston,TX,77098,,,,29.7332222,-95.4132472,PENDING
Templ Wellness,,Naturopathy,3219 Mercer St,Houston,TX,77027,,,,29.736602,-95.4318445,PENDING
Internal Healing & Wellness MD,,Naturopathy,255 Ed English Dr Suite A,Shenandoah,TX,77385,,,,30.1902434,-95.4506308,PENDING
Woodlands Natural Health,,Naturopathy,25420 Kuykendahl Rd # D100,Tomball,TX,77375,,,,30.1306031,-95.5519004,PENDING
Asteri Healing Arts,,Naturopathy,17766 Preston Rd #102,Dallas,TX,75252,,,,32.9938768,-96.79646199999999,PENDING
Center For Holistic Healing,,Naturopathy,12720 Hillcrest Rd suite 750,Dallas,TX,75230,,,,32.9223395,-96.7836157,PENDING
K6 Wellness Center,,Naturopathy,16610 Dallas Pkwy # 1200,Dallas,TX,75248,,,,32.975139,-96.8217731,PENDING
"Centro De Alternativas Naturales (CAN, INC.)",,Naturopathy,3060 Webb Chapel Ext,Dallas,TX,75220,,,,32.8587216,-96.86795099999999,PENDING
Whole Body Healing Center,,Naturopathy,200 N Mill St,Lewisville,TX,75057,,,,33.0474347,-96.99391999999999,PENDING
North Texas Wellness Center,,Naturopathy,3105 W 15th St ste c,Plano,TX,75075,,,,33.0197617,-96.75360909999999,PENDING
Texas Functional Wellness,,Naturopathy,7700 Preston Rd Suite 102,Frisco,TX,75034,,,,33.141515,-96.80352210000001,PENDING
Institute of Metabolic Hair Medicine (formerly Holistic Wellness Beauty),,Naturopathy,800 Blaylock Dr,Dallas,TX,75203,,,,32.7574437,-96.8164508,PENDING
Donette Morris,,Naturopathy,207 S Tyler St,Dallas,TX,75208,,,,32.7438363,-96.8377237,PENDING
Southwest Mind & Body Care,,Naturopathy,8989 Harry Hines Blvd Ste 200,Dallas,TX,75247,,,,32.8394162,-96.8691827,PENDING
Peterson Naturopathic Center,,Naturopathy,3933 Spicewood Springs Rd Suite E-100,Austin,TX,78759,,,,30.3671766,-97.75266069999999,PENDING
"Dr. Amy Nelson, ND",,Naturopathy,13740 Research Blvd unit c1,Austin,TX,78750,,,,30.45839119999999,-97.7951049,PENDING
Dr. Lauryn,,Naturopathy,200 Academy Dr,Austin,TX,78704,,,,30.2527893,-97.7470176,PENDING
North Star Healing Center,,Naturopathy,13740 Research Blvd unit c1,Austin,TX,78750,,,,30.4604924,-97.7958937,PENDING
Primal Fusion: Holistic Health & Performance,,Naturopathy,7225 W State Hwy 71 Ste. C,Austin,TX,78735,,,,30.2364251,-97.8785825,PENDING
Natural Health Center of Austin,,Naturopathy,2804 S 1st St Suite 1101,Austin,TX,78704,,,,30.2371625,-97.7630417,PENDING
"Dr. Robin Mayfield, DC, ACN",,Naturopathy,9901 Brodie Ln Ste 160 #1163,Austin,TX,78748,,,,30.1849489,-97.8472924,PENDING
Dr Pia Wellness,,Naturopathy,715 Discovery Blvd #203,Cedar Park,TX,78613,,,,30.5206756,-97.8204366,PENDING
"Amy Tyler, N.D.",,Naturopathy,3801 S Lamar Blvd B,Austin,TX,78704,,,,30.23793899999999,-97.789048,PENDING
"Dr. Leslie White, ND",,Naturopathy,3006 Bee Caves Rd Building A,Austin,TX,78746,,,,30.271499,-97.79324899999999,PENDING
Whole Body Health,,Naturopathy,912 S Capital of Texas Hwy #170,Austin,TX,78746,,,,30.2859359,-97.8269279,PENDING
Amanda Love Wellness - Holistic Fertility and Women's Wellness,,Naturopathy,2525 Wallingwood Dr Bldg 7C,Austin,TX,78746,,,,30.2635742,-97.784141,PENDING
Sakura Natural Health,,Naturopathy,5900 Balcones Dr Suit 100,Austin,TX,78731,,,,30.3415589,-97.75495459999999,PENDING
"Yvonne Knighton Naturopathic Doctor, Acupuncturist",,Naturopathy,3740 Colony Dr Suite LL 102,San Antonio,TX,78230,,,,29.5302755,-98.55930889999999,PENDING
Imagine Wellness Centre,,Naturopathy,1350 N Loop 1604 E #104,San Antonio,TX,78232,,,,29.6092567,-98.4742813,PENDING
Flourish Wellness Center,,Naturopathy,366 W Sunset Rd Bldg 2,San Antonio,TX,78209,,,,29.5068999,-98.4742983,PENDING
Holistic Within- Family Holistic Health Therapy San Antonio,,Naturopathy,22106 Red Sand Dr,San Antonio,TX,78264,,,,29.1948227,-98.4236514,PENDING
Natural Bio Health,,Naturopathy,400 N Loop 1604 E #175,San Antonio,TX,78232,,,,29.60826,-98.4880155,PENDING
Dr Kies Functional Medicine Practioner/Naturopathic Physician,,Naturopathy,8940 Fourwinds Dr Suite 151,San Antonio,TX,78239,,,,29.5234002,-98.3906466,PENDING
Holistic Elements,,Naturopathy,16918 Bulverde Rd,San Antonio,TX,78247,,,,29.59472269999999,-98.42317729999999,PENDING
Alamo Heights Wellness,,Naturopathy,9800 Lorene,San Antonio,TX,78216,,,,29.529867,-98.499765,PENDING
"Kingdom Healing Institute: Suite 110, Neurology, Epilepsy, Pain,Addiction, Neurofeedback Center (Self-Pay Care)",,Naturopathy,7434 Louis Pasteur Dr #110,San Antonio,TX,78229,,,,29.5046676,-98.57268669999999,PENDING
OrganiCleanse Wellness Center,,Naturopathy,7505 Glenview Dr #152,North Richland Hills,TX,76180,,,,32.8240773,-97.2152071,PENDING
Natural Therapeutics,,Naturopathy,6340 Camp Bowie Blvd,Fort Worth,TX,76116,,,,32.7275257,-97.41967059999999,PENDING
Country Clinic Naturopath,,Naturopathy,1500 FM1187,Crowley,TX,76036,,,,32.5705428,-97.38117419999999,PENDING
Arlington Integrative Medical Associates,,Naturopathy,1285 N Main St Suite 101-7,Mansfield,TX,76063,,,,32.581879,-97.1536825,PENDING
Prana Chi's Enhancements LLC,,Naturopathy,777 Main St Ste 600,Fort Worth,TX,76102,,,,32.7530975,-97.32967509999999,PENDING
DFW Holistic Health,,Naturopathy,9149 Belshire Dr Ste 100,North Richland Hills,TX,76182,,,,32.8932072,-97.1862567,PENDING
Center for the Healing Arts,,Naturopathy,312 W Leuda St,Fort Worth,TX,76104,,,,32.7366508,-97.328874,PENDING
Texas Natural Healthcare,,Naturopathy,9500 Ray White Rd 2nd Floor,Fort Worth,TX,76244,,,,32.9120463,-97.2719303,PENDING
